{
    "TypeA": {
        "size": {
            "x": 10,
            "y": 10
        },
        "color": {
            "r": 100,
            "g": 255,
            "b": 255
        },
        "velocity_min": 40,
        "velocity_max": 80
    },
    "TypeB": {
        "size": {
            "x": 20,
            "y": 20
        },
        "color": {
            "r": 255,
            "g": 100,
            "b": 255
        },
        "velocity_min": 50,
        "velocity_max": 50
    },
    "TypeC": {
        "size": {
            "x": 30,
            "y": 30
        },
        "color": {
            "r": 255,
            "g": 255,
            "b": 100
        },
        "velocity_min": 40,
        "velocity_max": 40
    },
    "TypeD": {
        "size": {
            "x": 40,
            "y": 40
        },
        "color": {
            "r": 100,
            "g": 255,
            "b": 100
        },
        "velocity_min": 40,
        "velocity_max": 40
    }
}
