{
    "player_spawn": {
        "position": {
            "x": 380,
            "y": 185
        },
        "max_bullets": 10

    },
    "enemy_spawn_events": [
        {
            "time": 0,
            "enemy_type": "TypeA",
            "position": {
                "x": 50,
                "y": 50
            }
        },
        {
            "time": 5,
            "enemy_type": "TypeB",
            "position": {
                "x": 500,
                "y": 200
            }
        },
        {
            "time": 10,
            "enemy_type": "TypeC",
            "position": {
                "x": 1000,
                "y": 500
            }
        },
        {
            "time": 15,
            "enemy_type": "TypeD",
            "position": {
                "x": 500,
                "y": 1000
            }
        },
        {
            "time": 20,
            "enemy_type": "TypeE",
            "position": {
                "x": 1000,
                "y": 500
            }
        },
        {
            "time": 10,
            "enemy_type": "TypeA",
            "position": {
                "x": 50,
                "y": 50
            }
        },
        {
            "time": 2,
            "enemy_type": "TypeB",
            "position": {
                "x": 500,
                "y": 200
            }
        },
        {
            "time": 20,
            "enemy_type": "TypeC",
            "position": {
                "x": 1000,
                "y": 500
            }
        }
    ]
}
